<?xml version="1.0" encoding="UTF-8"?>
<project-private xmlns="http://www.netbeans.org/ns/project-private/1">
    <editor-bookmarks xmlns="http://www.netbeans.org/ns/editor-bookmarks/2" lastBookmarkId="0"/>
    <open-files xmlns="http://www.netbeans.org/ns/projectui-open-files/2">
        <group>
            <file>file:/C:/Users/ADMIN/OneDrive/Documents/NetBeansProjects/Circus_2_old_1/src/Controller/CircusOfPlates.java</file>
            <file>file:/C:/Users/ADMIN/OneDrive/Documents/NetBeansProjects/Circus_2_old_1/src/model/FlyweightObject.java</file>
            <file>file:/C:/Users/ADMIN/OneDrive/Documents/NetBeansProjects/Circus_2_old_1/src/Controller/PlateFactory.java</file>
            <file>file:/C:/Users/ADMIN/OneDrive/Documents/NetBeansProjects/Circus_2_old_1/src/model/Strategy/MovementStrategy/FixedBehaviour.java</file>
            <file>file:/C:/Users/ADMIN/OneDrive/Documents/NetBeansProjects/Circus_2_old_1/src/Controller/BombFactory.java</file>
            <file>file:/C:/Users/ADMIN/OneDrive/Documents/NetBeansProjects/Circus_2_old_1/src/model/ImaginaryStack.java</file>
            <file>file:/C:/Users/ADMIN/OneDrive/Documents/NetBeansProjects/Circus_2_old_1/src/view/MainMenuView.java</file>
            <file>file:/C:/Users/ADMIN/OneDrive/Documents/NetBeansProjects/Circus_2_old_1/src/Controller/MyGameController.java</file>
            <file>file:/C:/Users/ADMIN/OneDrive/Documents/NetBeansProjects/Circus_2_old_1/src/model/Strategy/difficultyStrategy/HardDifficulty.java</file>
            <file>file:/C:/Users/ADMIN/OneDrive/Documents/NetBeansProjects/Circus_2_old_1/src/Controller/ShapeFactory.java</file>
            <file>file:/C:/Users/ADMIN/OneDrive/Documents/NetBeansProjects/Circus_2_old_1/src/model/Strategy/MovementStrategy/ControllableBehaviour.java</file>
            <file>file:/C:/Users/ADMIN/OneDrive/Documents/NetBeansProjects/Circus_2_old_1/src/model/Strategy/MovementStrategy/CaughtBehaviour.java</file>
            <file>file:/C:/Users/ADMIN/OneDrive/Documents/NetBeansProjects/Circus_2_old_1/src/Controller/State/PlayingState.java</file>
            <file>file:/C:/Users/ADMIN/OneDrive/Documents/NetBeansProjects/Circus_2_old_1/src/Controller/State/PausedState.java</file>
            <file>jar:file:/C:/Users/ADMIN/OneDrive/Documents/NetBeansProjects/Circus_2_old_1/lib/engine_v3.jar!/eg/edu/alexu/csd/oop/game/GameObject.java</file>
            <file>file:/C:/Users/ADMIN/OneDrive/Documents/NetBeansProjects/Circus_2_old_1/src/Controller/State/State.java</file>
            <file>file:/C:/Users/ADMIN/OneDrive/Documents/NetBeansProjects/Circus_2_old_1/src/model/Strategy/MovementStrategy/MovingBehaviour.java</file>
            <file>file:/C:/Users/ADMIN/OneDrive/Documents/NetBeansProjects/Circus_2_old_1/src/constants/Constants.java</file>
            <file>file:/C:/Users/ADMIN/OneDrive/Documents/NetBeansProjects/Circus_2_old_1/src/model/Strategy/difficultyStrategy/DifficultyStrategy.java</file>
            <file>file:/C:/Users/ADMIN/OneDrive/Documents/NetBeansProjects/Circus_2_old_1/src/model/Strategy/difficultyStrategy/MediumDifficulty.java</file>
            <file>jar:file:/C:/Users/ADMIN/OneDrive/Documents/NetBeansProjects/Circus_2_old_1/lib/engine_v3.jar!/eg/edu/alexu/csd/oop/game/World.java</file>
            <file>file:/C:/Users/ADMIN/OneDrive/Documents/NetBeansProjects/Circus_2_old_1/src/model/Shape.java</file>
            <file>file:/C:/Users/ADMIN/OneDrive/Documents/NetBeansProjects/Circus_2_old_1/src/Controller/FlyweightFactoryy.java</file>
            <file>file:/C:/Users/ADMIN/OneDrive/Documents/NetBeansProjects/Circus_2_old_1/src/model/Strategy/MovementStrategy/MovementBehaviour.java</file>
            <file>file:/C:/Users/ADMIN/OneDrive/Documents/NetBeansProjects/Circus_2_old_1/src/Controller/State/GameOverState.java</file>
            <file>file:/C:/Users/ADMIN/OneDrive/Documents/NetBeansProjects/Circus_2_old_1/src/model/ImageObject.java</file>
        </group>
    </open-files>
</project-private>
